Zip Code,Building type (service class),Consumption (therms),Utility/Data Source,Latitude,Longitude
11109,Commercial,45899,ConEd,40.74441479,-73.95770235
11429,Commercial,755,ConEd,40.70991312,-73.73864032
11226,Industrial,65835,National Grid,40.646505,-73.9571901
10314,Institutional,2294516,National Grid,40.5964903,-74.16599112
11223,Commercial,2376036,National Grid,40.59693962,-73.97331147
10467,Large residential,4811979,ConEd,40.87704791,-73.8715325
11212,Commercial,1796469,National Grid,40.66279717,-73.91298489
11207,Commercial,3104972,National Grid,40.67080243,-73.89384115
10003,Residential,3229606,ConEd,40.73194395,-73.98887215
11226,Small residential,6406707,National Grid,40.646505,-73.9571901
10451,Commercial,8071587,ConEd,40.82069641,-73.92384137
10468,Residential,907812,ConEd,40.869693,-73.89892699
11212,Institutional,1441719,National Grid,40.66279717,-73.91298489
11420,Small residential,9694601,National Grid,40.67334524,-73.81770717
11694,Commercial,2058660,National Grid,40.57657831,-73.850777
11210,Industrial,63151,National Grid,40.62772226,-73.94653792
10309,Small residential,8086128,National Grid,40.53039312,-74.21893861
10034,Residential,226754,ConEd,40.87061711,-73.92422326
11422,Commercial,295,ConEd,40.66161349,-73.73605173
10044,Residential,93171,ConEd,40.76197649,-73.94999967
10010,Large residential,212584,ConEd,40.73914078,-73.98289846
11358,Residential,405678,ConEd,40.76035097,-73.79632646
11426,Commercial,1380,National Grid,40.73704138,-73.724157
11432,Commercial,1433501,ConEd,40.71311535,-73.792821
11237,Institutional,809265,National Grid,40.70409574,-73.92099423
11220,Large residential,6756193,National Grid,40.64118493,-74.01676473
11362,Large residential,36526,ConEd,40.75907422,-73.73430018
11101,Residential,182865,ConEd,40.74570245,-73.93866903
11206,Small residential,5252607,National Grid,40.70191202,-73.9423792
10039,Residential,471926,ConEd,40.82668193,-73.93777091
10022,Residential,981692,ConEd,40.75863022,-73.96809182
10314,Industrial,441639,National Grid,40.5964903,-74.16599112
11420,Industrial,8901,National Grid,40.67334524,-73.81770717
11426,Small residential,2754,National Grid,40.73704138,-73.724157
10454,Residential,151124,ConEd,40.80584693,-73.91628505
10002,Commercial,4230121,ConEd,40.71612147,-73.98583147
11429,Commercial,717488,National Grid,40.70991312,-73.73864032
11377,Residential,366911,ConEd,40.74519376,-73.90484714
11211,Institutional,1200176,National Grid,40.71158977,-73.95817675
10017,Commercial,2506308,ConEd,40.75245653,-73.97297648
10457,Residential,1697773,ConEd,40.84579837,-73.89832419
10012,Large residential,7190053,ConEd,40.72553802,-73.99789641
11360,Commercial,17858,ConEd,40.78070133,-73.78226734
11365,Commercial,1336553,ConEd,40.73987184,-73.79462154
11436,Large residential,225350,National Grid,40.67571821,-73.79646501
11209,Commercial,2452630,National Grid,40.6233871,-74.03065295
11223,Small residential,14240984,National Grid,40.59693962,-73.97331147
10006,Residential,15601,ConEd,40.70825614,-74.01355357
10002,Residential,4509087,ConEd,40.71612147,-73.98583147
10463,Commercial,7214349,ConEd,40.88187196,-73.91120748
10065,Residential,1795744,ConEd,40.76430121,-73.96303994
10006,Commercial,235511,ConEd,40.70825614,-74.01355357
11365,Small residential,3378,National Grid,40.73987184,-73.79462154
10467,Commercial,14662,ConEd,40.87704791,-73.8715325
11104,Commercial,1399157,ConEd,40.74489337,-73.92054135
10466,Residential,6056272,ConEd,40.89080973,-73.84600906
11370,Commercial,29295,ConEd,40.75935377,-73.891844
10451,Commercial,2168883,ConEd,40.82069641,-73.92384137
10065,Residential,156086,ConEd,40.76430121,-73.96303994
11367,Commercial,6820750,ConEd,40.73032309,-73.82610631
11693,Small residential,948328,National Grid,40.6183036,-73.82495532
11379,Small residential,6789947,National Grid,40.71679767,-73.87933421
11423,Residential,261189,ConEd,40.7172223,-73.7671415
10021,Residential,2002900,ConEd,40.76920533,-73.95918394
10025,Commercial,8752223,ConEd,40.79685013,-73.96372581
11373,Residential,5089,ConEd,40.7387104,-73.87835116
11210,Institutional,1837588,National Grid,40.62772226,-73.94653792
10302,Institutional,644313,National Grid,40.63083331,-74.1377343
11221,Industrial,50866,National Grid,40.69128804,-73.92761793
10459,Residential,2246422,ConEd,40.82552622,-73.89313107
11231,Small residential,5330545,National Grid,40.67755431,-74.0046767
10471,Residential,2226655,ConEd,40.90199442,-73.9036265
11361,Residential,290730,ConEd,40.76418885,-73.77232553
11232,Commercial,3285406,National Grid,40.65451162,-74.00003393
10306,Institutional,434767,National Grid,40.56602049,-74.11994567
10034,Commercial,1521876,ConEd,40.87061711,-73.92422326
11004,Commercial,2555500,ConEd,40.74323783,-73.712015
11355,Residential,5458878,ConEd,40.7512998,-73.82147855
11001,Commercial,375299,ConEd,40.72139,-73.70739693
10310,Industrial,20001,National Grid,40.632789,-74.11645861
10475,Commercial,11525984,ConEd,40.87414234,-73.82706857
11361,Commercial,1616689,ConEd,40.76418885,-73.77232553
11205,Industrial,949014,National Grid,40.6938821,-73.96433451
11426,Commercial,529932,ConEd,40.73704138,-73.724157
10027,Large residential,10352199,ConEd,40.81154956,-73.95290034
10308,Commercial,565006,National Grid,40.5529353,-74.15130276
11105,Commercial,2763314,ConEd,40.78009207,-73.9096065
11364,Residential,269069,ConEd,40.74592468,-73.75790276
11363,Large residential,40443,ConEd,40.77239842,-73.74679789
10023,Large residential,394079,ConEd,40.77453614,-73.97994336
11429,Industrial,150862,National Grid,40.70991312,-73.73864032
10007,Large residential,12021,ConEd,40.71363052,-74.00913138
10464,Commercial,602169,ConEd,40.8757091,-73.81229725
11209,Institutional,2102591,National Grid,40.6233871,-74.03065295
11416,Commercial,736110,National Grid,40.6845781,-73.84960167
11423,Small residential,5458466,National Grid,40.7172223,-73.7671415
11216,Institutional,1015256,National Grid,40.68075867,-73.94926775
10469,Commercial,1,ConEd,40.8681818,-73.84656869
10456,Residential,600008,ConEd,40.83043668,-73.9077652
11229,Large residential,13147358,National Grid,40.60123351,-73.94436854
11697,Commercial,95842,National Grid,40.55962437,-73.910063
11360,Commercial,2307963,ConEd,40.78070133,-73.78226734
10032,Residential,910692,ConEd,40.83693035,-73.94917852
11428,Industrial,1772,National Grid,40.72139696,-73.7419373
11206,Commercial,3420403,National Grid,40.70191202,-73.9423792
10011,Large residential,400282,ConEd,40.74471527,-74.0046
11231,Institutional,346781,National Grid,40.67755431,-74.0046767
10474,Large residential,3339390,ConEd,40.81088292,-73.88235636
11201,Small residential,3575205,National Grid,40.69467826,-73.98992087
10023,Commercial,1543305,ConEd,40.77453614,-73.97994336
11367,Large residential,1724999,ConEd,40.73032309,-73.82610631
10038,Residential,24457,ConEd,40.70935929,-74.00307186
10307,Commercial,359769,National Grid,40.50800453,-74.24211428
11422,Small residential,7114276,National Grid,40.66161349,-73.73605173
10003,Commercial,5073198,ConEd,40.73194395,-73.98887215
10033,Commercial,1599674,ConEd,40.85621993,-73.945859
11426,Residential,2508430,ConEd,40.73704138,-73.724157
10065,Commercial,13811460,ConEd,40.76430121,-73.96303994
10128,Commercial,8661160,ConEd,40.78177,-73.95062815
10037,Residential,611811,ConEd,40.81329776,-73.93728253
10301,Small residential,7412235,National Grid,40.62678551,-74.09611291
10031,Commercial,3819653,ConEd,40.82495421,-73.95012444
10310,Small residential,5137096,National Grid,40.632789,-74.11645861
10011,Commercial,9456458,ConEd,40.74471527,-74.0046
10461,Commercial,3657783,ConEd,40.84696059,-73.84063284
10027,Residential,2542279,ConEd,40.81154956,-73.95290034
10453,Large residential,1136648,ConEd,40.85278684,-73.91342678
11252,Commercial,38852,National Grid,40.60793409,-74.02694267
10030,Residential,159864,ConEd,40.81843518,-73.9427653
11213,Institutional,889348,National Grid,40.67122517,-73.93644337
11368,Commercial,978,ConEd,40.74967822,-73.85304069
10463,Commercial,3561,ConEd,40.88187196,-73.91120748
10470,Residential,236066,ConEd,40.90012797,-73.87122775
10024,Residential,3988908,ConEd,40.78362557,-73.966539
10021,Commercial,6581,ConEd,40.76920533,-73.95918394
11203,Institutional,7869164,National Grid,40.6497216,-73.93427609
11414,Commercial,1151068,National Grid,40.65817023,-73.84496264
10452,Commercial,1823135,ConEd,40.83772426,-73.92333221
11428,Small residential,3960945,National Grid,40.72139696,-73.7419373
11230,Small residential,11665262,National Grid,40.62192951,-73.96551106
10026,Commercial,1153347,ConEd,40.80305812,-73.95334278
11360,Residential,2617396,ConEd,40.78070133,-73.78226734
10013,Residential,228453,ConEd,40.72124219,-74.008889
11435,Small residential,6630439,National Grid,40.70119265,-73.80979666
10030,Residential,2016283,ConEd,40.81843518,-73.9427653
10016,Commercial,7176247,ConEd,40.74524297,-73.97823299
11004,Commercial,280325,ConEd,40.74323783,-73.712015
10464,Residential,1094782,ConEd,40.8757091,-73.81229725
10461,Residential,587242,ConEd,40.84696059,-73.84063284
11355,Residential,503099,ConEd,40.7512998,-73.82147855
10308,Small residential,6910394,National Grid,40.5529353,-74.15130276
10040,Commercial,717611,ConEd,40.85809553,-73.92925549
11693,Large residential,2505401,National Grid,40.6183036,-73.82495532
11234,Institutional,1812535,National Grid,40.61636867,-73.92773225
10075,Commercial,3374658,ConEd,40.77293949,-73.95609016
11358,Residential,5983515,ConEd,40.76035097,-73.79632646
11430,Industrial,563052,National Grid,40.64722933,-73.78637495
10034,Large residential,281557,ConEd,40.87061711,-73.92422326
10457,Commercial,3139507,ConEd,40.84579837,-73.89832419
10009,Residential,2516364,ConEd,40.72664936,-73.97911149
11415,Commercial,586484,National Grid,40.70828608,-73.82855612
11235,Small residential,9977961,National Grid,40.57841411,-73.94026
11211,Small residential,9211590,National Grid,40.71158977,-73.95817675
11423,Commercial,660047,National Grid,40.7172223,-73.7671415
10306,Industrial,3660,National Grid,40.56602049,-74.11994567
11379,Large residential,659949,National Grid,40.71679767,-73.87933421
10301,Institutional,1244001,National Grid,40.62678551,-74.09611291
11217,Industrial,115795,National Grid,40.6823121,-73.97956719
10306,Small residential,13376088,National Grid,40.56602049,-74.11994567
11429,Residential,796,ConEd,40.70991312,-73.73864032
10036,Commercial,10571859,ConEd,40.75934683,-73.98986055
11427,Commercial,1165892,ConEd,40.72931057,-73.75067602
11421,Industrial,22617,National Grid,40.69176459,-73.85702229
10456,Residential,1999484,ConEd,40.83043668,-73.9077652
10280,Commercial,1396819,ConEd,40.70959451,-74.02022454
10305,Small residential,8586364,National Grid,40.59618469,-74.07507238
11364,Commercial,768785,ConEd,40.74592468,-73.75790276
11363,Residential,54273,ConEd,40.77239842,-73.74679789
11373,Commercial,1277032,ConEd,40.7387104,-73.87835116
10075,Residential,110074,ConEd,40.77293949,-73.95609016
10463,Large residential,219710,ConEd,40.88187196,-73.91120748
10007,Commercial,1220273,ConEd,40.71363052,-74.00913138
10305,Large residential,1136630,National Grid,40.59618469,-74.07507238
10020,Large residential,271824,ConEd,40.75949851,-73.9800744
11377,Commercial,3893626,National Grid,40.74519376,-73.90484714
11374,Small residential,3149947,National Grid,40.72646492,-73.86148085
10039,Residential,81485,ConEd,40.82668193,-73.93777091
11428,Large residential,172865,National Grid,40.72139696,-73.7419373
11363,Commercial,538595,ConEd,40.77239842,-73.74679789
10469,Large residential,18293,ConEd,40.8681818,-73.84656869
10001,Commercial,7191956,ConEd,40.75025902,-73.9968863
11226,Commercial,2807970,National Grid,40.646505,-73.9571901
11428,Residential,6282,ConEd,40.72139696,-73.7419373
11219,Small residential,13366615,National Grid,40.63277296,-73.99667681
11358,Commercial,2055,ConEd,40.76035097,-73.79632646
10466,Residential,891414,ConEd,40.89080973,-73.84600906
11427,Industrial,14014,National Grid,40.72931057,-73.75067602
11432,Industrial,106054,National Grid,40.71311535,-73.792821
10021,Commercial,5344734,ConEd,40.76920533,-73.95918394
10032,Large residential,10872811,ConEd,40.83693035,-73.94917852
10069,Residential,44780,ConEd,40.778254,-73.988542
10022,Large residential,98604,ConEd,40.75863022,-73.96809182
10032,Commercial,4152807,ConEd,40.83693035,-73.94917852
11368,Large residential,6347326,National Grid,40.74967822,-73.85304069
10465,Commercial,1220820,ConEd,40.82762807,-73.82241314
11370,Small residential,5080675,National Grid,40.75935377,-73.891844
10010,Commercial,2096300,ConEd,40.73914078,-73.98289846
11225,Small residential,4686218,National Grid,40.66317006,-73.95370111
10458,Large residential,2881283,ConEd,40.86260133,-73.88479002
11378,Large residential,618419,National Grid,40.7214531,-73.9085435
11205,Small residential,3834731,National Grid,40.6938821,-73.96433451
11369,Institutional,168544,National Grid,40.76341327,-73.8723789
11420,Commercial,8380985,National Grid,40.67334524,-73.81770717
10075,Residential,1035531,ConEd,40.77293949,-73.95609016
11243,Commercial,558,National Grid,40.68503,-73.978075
10302,Large residential,321677,National Grid,40.63083331,-74.1377343
10029,Commercial,2344076,ConEd,40.79161072,-73.94403228
10303,Small residential,4136073,National Grid,40.63303231,-74.16834885
11367,Small residential,1753,National Grid,40.73032309,-73.82610631
10459,Commercial,5960440,ConEd,40.82552622,-73.89313107
10044,Commercial,234470,ConEd,40.76197649,-73.94999967
10467,Commercial,3067369,ConEd,40.87704791,-73.8715325
10461,Residential,4848889,ConEd,40.84696059,-73.84063284
11230,Large residential,12513612,National Grid,40.62192951,-73.96551106
11218,Commercial,2009772,National Grid,40.64322701,-73.97644862
11103,Commercial,1904692,ConEd,40.76286893,-73.91327186
11694,Small residential,4716368,National Grid,40.57657831,-73.850777
11385,Large residential,5367560,National Grid,40.70122489,-73.88334858
10465,Residential,6724287,ConEd,40.82762807,-73.82241314
10007,Commercial,981522,ConEd,40.71363052,-74.00913138
10018,Residential,21822,ConEd,40.75684077,-73.9966915
11692,Small residential,2194609,National Grid,40.59313389,-73.79540208
11372,Large residential,14227014,National Grid,40.75163074,-73.88361255
11106,Residential,1827237,ConEd,40.76169979,-73.93166325
11426,Commercial,1716958,ConEd,40.73704138,-73.724157
10457,Commercial,5354415,ConEd,40.84579837,-73.89832419
11103,Large residential,80092,ConEd,40.76286893,-73.91327186
11357,Residential,6962862,ConEd,40.78628404,-73.81123206
11109,Commercial,752231,ConEd,40.74441479,-73.95770235
11385,Industrial,1048061,National Grid,40.70122489,-73.88334858
10308,Large residential,77333,National Grid,40.5529353,-74.15130276
11105,Large residential,23820,ConEd,40.78009207,-73.9096065
11213,Large residential,10763716,National Grid,40.67122517,-73.93644337
11370,Institutional,1231730,National Grid,40.75935377,-73.891844
10302,Small residential,3521474,National Grid,40.63083331,-74.1377343
10001,Commercial,4628579,ConEd,40.75025902,-73.9968863
10460,Commercial,6492444,ConEd,40.84309035,-73.87860283
11411,Industrial,4193,National Grid,40.69429334,-73.73568329
11211,Industrial,1046750,National Grid,40.71158977,-73.95817675
11228,Industrial,543497,National Grid,40.61654071,-74.01327785
11229,Small residential,12866878,National Grid,40.60123351,-73.94436854
11215,Large residential,6712652,National Grid,40.66555725,-73.97968154
10014,Residential,3950218,ConEd,40.73358645,-74.0101996
11417,Large residential,287216,National Grid,40.67636373,-73.84454276
11427,Commercial,141057,National Grid,40.72931057,-73.75067602
11423,Residential,21201,ConEd,40.7172223,-73.7671415
11377,Institutional,811937,National Grid,40.74519376,-73.90484714
10019,Residential,1511255,ConEd,40.76761165,-73.9918055
10012,Residential,178497,ConEd,40.72553802,-73.99789641
11106,Commercial,2708112,ConEd,40.76169979,-73.93166325
11415,Commercial,887,ConEd,40.70828608,-73.82855612
11209,Small residential,9963344,National Grid,40.6233871,-74.03065295
11428,Commercial,65563,ConEd,40.72139696,-73.7419373
10312,Institutional,273950,National Grid,40.54295598,-74.18037682
11105,Commercial,3603071,ConEd,40.78009207,-73.9096065
10009,Residential,186224,ConEd,40.72664936,-73.97911149
10002,Commercial,12107072,ConEd,40.71612147,-73.98583147
10459,Large residential,62003,ConEd,40.82552622,-73.89313107
11224,Institutional,455120,National Grid,40.57630466,-73.999532
10471,Commercial,2240882,ConEd,40.90199442,-73.9036265
10038,Commercial,1452146,ConEd,40.70935929,-74.00307186
10037,Commercial,2164822,ConEd,40.81329776,-73.93728253
11234,Commercial,6157277,National Grid,40.61636867,-73.92773225
11421,Small residential,7298987,National Grid,40.69176459,-73.85702229
10017,Large residential,258733,ConEd,40.75245653,-73.97297648
10470,Commercial,841945,ConEd,40.90012797,-73.87122775
11236,Commercial,3108542,National Grid,40.64002149,-73.90112194
11693,Commercial,948937,National Grid,40.6183036,-73.82495532
11422,Commercial,519522,National Grid,40.66161349,-73.73605173
11368,Small residential,11110386,National Grid,40.74967822,-73.85304069
11370,Large residential,1074379,National Grid,40.75935377,-73.891844
11252,Institutional,301262,National Grid,40.60793409,-74.02694267
10019,Commercial,2660,ConEd,40.76761165,-73.9918055
11385,Small residential,15255284,National Grid,40.70122489,-73.88334858
10027,Residential,331029,ConEd,40.81154956,-73.95290034
10281,Commercial,34332,ConEd,40.71433,-74.015197
11217,Small residential,4615326,National Grid,40.6823121,-73.97956719
10460,Large residential,121201,ConEd,40.84309035,-73.87860283
11216,Industrial,50669,National Grid,40.68075867,-73.94926775
11426,Residential,233178,ConEd,40.73704138,-73.724157
10451,Residential,697652,ConEd,40.82069641,-73.92384137
10301,Large residential,3780433,National Grid,40.62678551,-74.09611291
11209,Large residential,10004300,National Grid,40.6233871,-74.03065295
11205,Institutional,566498,National Grid,40.6938821,-73.96433451
10128,Residential,263835,ConEd,40.78177,-73.95062815
11357,Commercial,1271449,ConEd,40.78628404,-73.81123206
10474,Residential,114041,ConEd,40.81088292,-73.88235636
11214,Institutional,855968,National Grid,40.60401181,-74.000969
10026,Residential,2349135,ConEd,40.80305812,-73.95334278
10473,Commercial,1408773,ConEd,40.81773147,-73.860537
11228,Large residential,761559,National Grid,40.61654071,-74.01327785
11363,Commercial,151243,ConEd,40.77239842,-73.74679789
11207,Industrial,1355364,National Grid,40.67080243,-73.89384115
10453,Residential,1591607,ConEd,40.85278684,-73.91342678
11239,Large residential,33558083,National Grid,40.64949608,-73.865525
11369,Commercial,1994597,National Grid,40.76341327,-73.8723789
10280,Commercial,103950,ConEd,40.70959451,-74.02022454
10463,Residential,1918613,ConEd,40.88187196,-73.91120748
11235,Large residential,15358828,National Grid,40.57841411,-73.94026
10012,Commercial,3676344,ConEd,40.72553802,-73.99789641
10475,Residential,9204,ConEd,40.87414234,-73.82706857
11218,Industrial,441018,National Grid,40.64322701,-73.97644862
10466,Commercial,2343491,ConEd,40.89080973,-73.84600906
11360,Residential,45219,ConEd,40.78070133,-73.78226734
11224,Large residential,36143134,National Grid,40.57630466,-73.999532
11418,Large residential,1398053,National Grid,40.69637041,-73.84031025
10281,Commercial,37094,ConEd,40.71433,-74.015197
10305,Institutional,8441661,National Grid,40.59618469,-74.07507238
11101,Commercial,7992026,ConEd,40.74570245,-73.93866903
11372,Industrial,48106,National Grid,40.75163074,-73.88361255
10473,Residential,233862,ConEd,40.81773147,-73.860537
11432,Institutional,1307797,National Grid,40.71311535,-73.792821
10020,Commercial,194595,ConEd,40.75949851,-73.9800744
11214,Industrial,285392,National Grid,40.60401181,-74.000969
11371,Institutional,1065320,National Grid,40.77556737,-73.8708655
10004,Commercial,1726800,ConEd,40.68882783,-74.01911251
11378,Industrial,2809327,National Grid,40.7214531,-73.9085435
11433,Large residential,5080122,National Grid,40.69810488,-73.78757403
10454,Commercial,2249303,ConEd,40.80584693,-73.91628505
11434,Commercial,2955224,National Grid,40.67694526,-73.7753069
11435,Commercial,79476,ConEd,40.70119265,-73.80979666
11427,Large residential,2347279,National Grid,40.72931057,-73.75067602
11358,Commercial,1898565,ConEd,40.76035097,-73.79632646
11256,Institutional,277857,National Grid,40.662351,-73.860115
10472,Commercial,1887751,ConEd,40.82973043,-73.87013213
10027,Commercial,25473,ConEd,40.81154956,-73.95290034
11422,Large residential,149873,National Grid,40.66161349,-73.73605173
11412,Large residential,151333,National Grid,40.69812712,-73.7592352
11427,Large residential,1587862,ConEd,40.72931057,-73.75067602
10036,Large residential,395037,ConEd,40.75934683,-73.98986055
10001,Residential,1476126,ConEd,40.75025902,-73.9968863
10030,Commercial,4456113,ConEd,40.81843518,-73.9427653
11104,Residential,329490,ConEd,40.74489337,-73.92054135
11237,Industrial,2133783,National Grid,40.70409574,-73.92099423
11356,Residential,268003,ConEd,40.7849281,-73.8418107
10044,Commercial,1496982,ConEd,40.76197649,-73.94999967
11374,Commercial,1938527,National Grid,40.72646492,-73.86148085
11201,Commercial,13571483,National Grid,40.69467826,-73.98992087
10065,Commercial,2130613,ConEd,40.76430121,-73.96303994
11221,Commercial,1761754,National Grid,40.69128804,-73.92761793
11212,Small residential,7377894,National Grid,40.66279717,-73.91298489
10314,Large residential,2046659,National Grid,40.5964903,-74.16599112
10307,Institutional,163208,National Grid,40.50800453,-74.24211428
11235,Institutional,2091533,National Grid,40.57841411,-73.94026
11201,Industrial,3887016,National Grid,40.69467826,-73.98992087
11430,Commercial,7251275,National Grid,40.64722933,-73.78637495
11222,Industrial,1309400,National Grid,40.72825312,-73.94715978
11418,Commercial,1462567,National Grid,40.69637041,-73.84031025
11423,Industrial,194292,National Grid,40.7172223,-73.7671415
10036,Residential,73600,ConEd,40.75934683,-73.98986055
11001,Residential,703063,ConEd,40.72139,-73.70739693
10016,Large residential,87331,ConEd,40.74524297,-73.97823299
11432,Residential,1830443,ConEd,40.71311535,-73.792821
10001,Residential,58338,ConEd,40.75025902,-73.9968863
11423,Commercial,23,ConEd,40.7172223,-73.7671415
10034,Residential,473019,ConEd,40.87061711,-73.92422326
11218,Large residential,8839578,National Grid,40.64322701,-73.97644862
11416,Large residential,138988,National Grid,40.6845781,-73.84960167
10452,Residential,986430,ConEd,40.83772426,-73.92333221
10033,Residential,628133,ConEd,40.85621993,-73.945859
11356,Commercial,2415327,ConEd,40.7849281,-73.8418107
10475,Commercial,755111,ConEd,40.87414234,-73.82706857
11223,Institutional,1093448,National Grid,40.59693962,-73.97331147
10035,Commercial,2154540,ConEd,40.79381704,-73.9193175
11421,Institutional,154578,National Grid,40.69176459,-73.85702229
11238,Commercial,2045915,National Grid,40.67886241,-73.96382047
10303,Commercial,1062619,National Grid,40.63303231,-74.16834885
11413,Commercial,639059,National Grid,40.66971118,-73.75087393
11204,Small residential,14470621,National Grid,40.61905585,-73.9847986
11363,Residential,1706804,ConEd,40.77239842,-73.74679789
11238,Institutional,1006041,National Grid,40.67886241,-73.96382047
11357,Residential,324086,ConEd,40.78628404,-73.81123206
11419,Large residential,221654,National Grid,40.68871379,-73.82288833
10022,Commercial,2849019,ConEd,40.75863022,-73.96809182
10027,Commercial,2931338,ConEd,40.81154956,-73.95290034
11375,Industrial,483373,National Grid,40.72070726,-73.8462843
11239,Small residential,187050,National Grid,40.64949608,-73.865525
10003,Residential,260502,ConEd,40.73194395,-73.98887215
10012,Commercial,2987748,ConEd,40.72553802,-73.99789641
11375,Large residential,15937171,National Grid,40.72070726,-73.8462843
11217,Large residential,7818509,National Grid,40.6823121,-73.97956719
10461,Commercial,3065943,ConEd,40.84696059,-73.84063284
11379,Industrial,168135,National Grid,40.71679767,-73.87933421
10310,Institutional,256154,National Grid,40.632789,-74.11645861
10304,Commercial,1445743,National Grid,40.59122944,-74.111328
10471,Residential,128800,ConEd,40.90199442,-73.9036265
11236,Small residential,19201617,National Grid,40.64002149,-73.90112194
10312,Commercial,1174629,National Grid,40.54295598,-74.18037682
10282,Commercial,1704836,ConEd,40.71961456,-74.01464928
11419,Industrial,95925,National Grid,40.68871379,-73.82288833
11362,Residential,2911498,ConEd,40.75907422,-73.73430018
11222,Large residential,3928747,National Grid,40.72825312,-73.94715978
11427,Commercial,661448,ConEd,40.72931057,-73.75067602
11215,Commercial,5232962,National Grid,40.66555725,-73.97968154
10007,Residential,605082,ConEd,40.71363052,-74.00913138
10029,Residential,1856481,ConEd,40.79161072,-73.94403228
10045,Commercial,16246,ConEd,40.707865,-74.008144
10037,Residential,33817,ConEd,40.81329776,-73.93728253
11370,Residential,1414,ConEd,40.75935377,-73.891844
11433,Small residential,5792993,National Grid,40.69810488,-73.78757403
10455,Residential,226661,ConEd,40.81353575,-73.90535525
10469,Commercial,8063164,ConEd,40.8681818,-73.84656869
10019,Commercial,12204102,ConEd,40.76761165,-73.9918055
11219,Commercial,2866327,National Grid,40.63277296,-73.99667681
11040,Residential,17466,ConEd,40.74529996,-73.67963193
11419,Commercial,1174701,National Grid,40.68871379,-73.82288833
10033,Commercial,1766048,ConEd,40.85621993,-73.945859
11412,Commercial,522819,National Grid,40.69812712,-73.7592352
10007,Residential,12845,ConEd,40.71363052,-74.00913138
10006,Commercial,1361410,ConEd,40.70825614,-74.01355357
11103,Commercial,2788104,ConEd,40.76286893,-73.91327186
10472,Residential,2650312,ConEd,40.82973043,-73.87013213
11358,Commercial,2357195,ConEd,40.76035097,-73.79632646
11361,Commercial,2049571,ConEd,40.76418885,-73.77232553
10024,Commercial,926,ConEd,40.78362557,-73.966539
11417,Institutional,196503,National Grid,40.67636373,-73.84454276
10017,Residential,168035,ConEd,40.75245653,-73.97297648
11225,Institutional,1222964,National Grid,40.66317006,-73.95370111
11109,Residential,175063,ConEd,40.74441479,-73.95770235
11372,Commercial,3234761,National Grid,40.75163074,-73.88361255
10455,Residential,1650436,ConEd,40.81353575,-73.90535525
11432,Residential,77137,ConEd,40.71311535,-73.792821
11432,Large residential,2212791,ConEd,40.71311535,-73.792821
11101,Commercial,9475891,ConEd,40.74570245,-73.93866903
11433,Commercial,1531565,National Grid,40.69810488,-73.78757403
11417,Industrial,47683,National Grid,40.67636373,-73.84454276
11205,Commercial,4023498,National Grid,40.6938821,-73.96433451
11205,Large residential,11356025,National Grid,40.6938821,-73.96433451
10014,Commercial,6034243,ConEd,40.73358645,-74.0101996
11356,Residential,2618017,ConEd,40.7849281,-73.8418107
11691,Commercial,7506142,National Grid,40.60061434,-73.76256777
10016,Commercial,3446607,ConEd,40.74524297,-73.97823299
10467,Commercial,10790922,ConEd,40.87704791,-73.8715325
10027,Commercial,11932340,ConEd,40.81154956,-73.95290034
11239,Institutional,274144,National Grid,40.64949608,-73.865525
10039,Commercial,430554,ConEd,40.82668193,-73.93777091
11040,Residential,378066,ConEd,40.74529996,-73.67963193
10464,Residential,46873,ConEd,40.8757091,-73.81229725
10128,Commercial,32026,ConEd,40.78177,-73.95062815
10459,Residential,317074,ConEd,40.82552622,-73.89313107
10040,Commercial,1511169,ConEd,40.85809553,-73.92925549
10013,Commercial,6067132,ConEd,40.72124219,-74.008889
11374,Institutional,328460,National Grid,40.72646492,-73.86148085
11206,Institutional,2486776,National Grid,40.70191202,-73.9423792
10312,Industrial,13482,National Grid,40.54295598,-74.18037682
11367,Commercial,970445,ConEd,40.73032309,-73.82610631
11413,Institutional,394872,National Grid,40.66971118,-73.75087393
11222,Small residential,4373864,National Grid,40.72825312,-73.94715978
11233,Large residential,10673659,National Grid,40.67813044,-73.91977648
11214,Large residential,7906290,National Grid,40.60401181,-74.000969
11104,Residential,1153072,ConEd,40.74489337,-73.92054135
11435,Large residential,4902151,National Grid,40.70119265,-73.80979666
11040,Large residential,3364311,ConEd,40.74529996,-73.67963193
11428,Residential,69640,ConEd,40.72139696,-73.7419373
11230,Institutional,3604096,National Grid,40.62192951,-73.96551106
11375,Institutional,283731,National Grid,40.72070726,-73.8462843
10026,Commercial,5647551,ConEd,40.80305812,-73.95334278
11422,Institutional,240378,National Grid,40.66161349,-73.73605173
11238,Large residential,9649474,National Grid,40.67886241,-73.96382047
10001,Large residential,3616905,ConEd,40.75025902,-73.9968863
11385,Commercial,3526058,National Grid,40.70122489,-73.88334858
11368,Institutional,1001098,National Grid,40.74967822,-73.85304069
11365,Residential,222234,ConEd,40.73987184,-73.79462154
11370,Commercial,1119225,National Grid,40.75935377,-73.891844
11354,Commercial,7628542,ConEd,40.76862022,-73.82719028
11233,Commercial,1223131,National Grid,40.67813044,-73.91977648
11378,Commercial,3345377,National Grid,40.7214531,-73.9085435
11106,Large residential,66963,ConEd,40.76169979,-73.93166325
10473,Residential,3609517,ConEd,40.81773147,-73.860537
10034,Commercial,1961050,ConEd,40.87061711,-73.92422326
10462,Commercial,3712204,ConEd,40.84225834,-73.85799663
11413,Industrial,387601,National Grid,40.66971118,-73.75087393
11421,Large residential,1299205,National Grid,40.69176459,-73.85702229
10456,Commercial,14583516,ConEd,40.83043668,-73.9077652
10451,Large residential,3433811,ConEd,40.82069641,-73.92384137
10458,Residential,1068746,ConEd,40.86260133,-73.88479002
11417,Small residential,6605848,National Grid,40.67636373,-73.84454276
10028,Commercial,2078,ConEd,40.77634498,-73.95296668
10472,Residential,827862,ConEd,40.82973043,-73.87013213
11416,Industrial,141055,National Grid,40.6845781,-73.84960167
11239,Commercial,487427,National Grid,40.64949608,-73.865525
10035,Residential,126399,ConEd,40.79381704,-73.9193175
10025,Large residential,3058952,ConEd,40.79685013,-73.96372581
10452,Commercial,8504273,ConEd,40.83772426,-73.92333221
10002,Residential,550055,ConEd,40.71612147,-73.98583147
11377,Commercial,358163,ConEd,40.74519376,-73.90484714
11435,Residential,6659,ConEd,40.70119265,-73.80979666
10301,Commercial,2358335,National Grid,40.62678551,-74.09611291
11102,Commercial,3509357,ConEd,40.77152402,-73.92643545
11203,Industrial,268262,National Grid,40.6497216,-73.93427609
10005,Residential,27868,ConEd,40.70612579,-74.00858469
10023,Residential,243744,ConEd,40.77453614,-73.97994336
11354,Residential,299334,ConEd,40.76862022,-73.82719028
10472,Commercial,5479605,ConEd,40.82973043,-73.87013213
11230,Industrial,101877,National Grid,40.62192951,-73.96551106
10464,Commercial,75,ConEd,40.8757091,-73.81229725
11236,Industrial,805099,National Grid,40.64002149,-73.90112194
11232,Institutional,1847474,National Grid,40.65451162,-74.00003393
11219,Industrial,3101780,National Grid,40.63277296,-73.99667681
11217,Commercial,2720173,National Grid,40.6823121,-73.97956719
10474,Commercial,2094768,ConEd,40.81088292,-73.88235636
11435,Commercial,2935798,National Grid,40.70119265,-73.80979666
11433,Institutional,1519465,National Grid,40.69810488,-73.78757403
11226,Institutional,994926,National Grid,40.646505,-73.9571901
11370,Industrial,37449,National Grid,40.75935377,-73.891844
10004,Commercial,1326154,ConEd,40.68882783,-74.01911251
11364,Residential,4453633,ConEd,40.74592468,-73.75790276
11224,Small residential,2671212,National Grid,40.57630466,-73.999532
10458,Commercial,4109461,ConEd,40.86260133,-73.88479002
10306,Commercial,1794789,National Grid,40.56602049,-74.11994567
10025,Residential,507504,ConEd,40.79685013,-73.96372581
11237,Large residential,4718001,National Grid,40.70409574,-73.92099423
11237,Commercial,2600827,National Grid,40.70409574,-73.92099423
11418,Institutional,726983,National Grid,40.69637041,-73.84031025
11428,Commercial,596996,National Grid,40.72139696,-73.7419373
11203,Small residential,13346866,National Grid,40.6497216,-73.93427609
10314,Small residential,19041165,National Grid,40.5964903,-74.16599112
11228,Institutional,278441,National Grid,40.61654071,-74.01327785
11220,Industrial,2234971,National Grid,40.64118493,-74.01676473
11235,Commercial,3818158,National Grid,40.57841411,-73.94026
10038,Commercial,4135128,ConEd,40.70935929,-74.00307186
10466,Large residential,1382332,ConEd,40.89080973,-73.84600906
11357,Commercial,2399589,ConEd,40.78628404,-73.81123206
10033,Residential,658126,ConEd,40.85621993,-73.945859
11370,Commercial,84349,ConEd,40.75935377,-73.891844
10459,Commercial,1859762,ConEd,40.82552622,-73.89313107
10080,Commercial,359,ConEd,40.714452,-74.015475
10461,Large residential,9651221,ConEd,40.84696059,-73.84063284
11427,Institutional,219049,National Grid,40.72931057,-73.75067602
11432,Small residential,5707516,National Grid,40.71311535,-73.792821
11222,Institutional,2368948,National Grid,40.72825312,-73.94715978
10314,Commercial,42747652,National Grid,40.5964903,-74.16599112
10013,Large residential,1137066,ConEd,40.72124219,-74.008889
11428,Institutional,196563,National Grid,40.72139696,-73.7419373
11355,Commercial,4323496,ConEd,40.7512998,-73.82147855
11208,Commercial,2729613,National Grid,40.67401318,-73.87206493
11220,Commercial,5007824,National Grid,40.64118493,-74.01676473
11103,Residential,2853904,ConEd,40.76286893,-73.91327186
10451,Residential,259959,ConEd,40.82069641,-73.92384137
10010,Commercial,3814933,ConEd,40.73914078,-73.98289846
11377,Industrial,705930,National Grid,40.74519376,-73.90484714
11372,Institutional,367432,National Grid,40.75163074,-73.88361255
11207,Small residential,12107357,National Grid,40.67080243,-73.89384115
10463,Residential,507053,ConEd,40.88187196,-73.91120748
10014,Commercial,17212,ConEd,40.73358645,-74.0101996
11366,Commercial,636236,ConEd,40.72816441,-73.79226817
11214,Commercial,3050502,National Grid,40.60401181,-74.000969
11434,Institutional,2215716,National Grid,40.67694526,-73.7753069
11411,Large residential,45368,National Grid,40.69429334,-73.73568329
11366,Small residential,6521,National Grid,40.72816441,-73.79226817
10304,Large residential,3415047,National Grid,40.59122944,-74.111328
11423,Institutional,508795,National Grid,40.7172223,-73.7671415
11222,Commercial,3484625,National Grid,40.72825312,-73.94715978
11206,Large residential,22360022,National Grid,40.70191202,-73.9423792
10460,Commercial,7936792,ConEd,40.84309035,-73.87860283
11239,Industrial,11771,National Grid,40.64949608,-73.865525
10028,Commercial,4496346,ConEd,40.77634498,-73.95296668
11434,Industrial,284067,National Grid,40.67694526,-73.7753069
11430,Small residential,9195,National Grid,40.64722933,-73.78637495
10065,Large residential,10486338,ConEd,40.76430121,-73.96303994
10023,Commercial,10588895,ConEd,40.77453614,-73.97994336
10302,Commercial,1185147,National Grid,40.63083331,-74.1377343
11415,Residential,1303,ConEd,40.70828608,-73.82855612
11102,Large residential,79519,ConEd,40.77152402,-73.92643545
10028,Large residential,420403,ConEd,40.77634498,-73.95296668
11373,Commercial,3054489,National Grid,40.7387104,-73.87835116
11367,Residential,2905831,ConEd,40.73032309,-73.82610631
11040,Commercial,42315,ConEd,40.74529996,-73.67963193
11355,Commercial,5137322,ConEd,40.7512998,-73.82147855
11420,Large residential,108873,National Grid,40.67334524,-73.81770717
10018,Residential,476865,ConEd,40.75684077,-73.9966915
11211,Residential,1277032,ConEd,40.71158977,-73.95817675
11370,Residential,24585,ConEd,40.75935377,-73.891844
11359,Commercial,128,ConEd,40.79159247,-73.77693837
11355,Large residential,2632163,ConEd,40.7512998,-73.82147855
11692,Commercial,777179,National Grid,40.59313389,-73.79540208
11213,Industrial,24515,National Grid,40.67122517,-73.93644337
11208,Institutional,2265878,National Grid,40.67401318,-73.87206493
10011,Residential,4029369,ConEd,40.74471527,-74.0046
10014,Residential,213234,ConEd,40.73358645,-74.0101996
10011,Commercial,4672054,ConEd,40.74471527,-74.0046
10028,Commercial,1684068,ConEd,40.77634498,-73.95296668
10010,Residential,61263,ConEd,40.73914078,-73.98289846
11230,Commercial,2318028,National Grid,40.62192951,-73.96551106
11203,Commercial,2692298,National Grid,40.6497216,-73.93427609
11224,Industrial,101615,National Grid,40.57630466,-73.999532
10469,Residential,623043,ConEd,40.8681818,-73.84656869
10467,Residential,1242679,ConEd,40.87704791,-73.8715325
11004,Large residential,3975637,ConEd,40.74323783,-73.712015
11242,Commercial,147434,National Grid,40.69315,-73.991029
11104,Commercial,1377109,ConEd,40.74489337,-73.92054135
10030,Commercial,879734,ConEd,40.81843518,-73.9427653
11411,Commercial,262173,National Grid,40.69429334,-73.73568329
10006,Residential,2076,ConEd,40.70825614,-74.01355357
10021,Residential,185761,ConEd,40.76920533,-73.95918394
11225,Large residential,12401180,National Grid,40.66317006,-73.95370111
11209,Industrial,29677,National Grid,40.6233871,-74.03065295
10308,Industrial,4178,National Grid,40.5529353,-74.15130276
11412,Small residential,9127477,National Grid,40.69812712,-73.7592352
10025,Commercial,2954498,ConEd,40.79685013,-73.96372581
11366,Commercial,4025,ConEd,40.72816441,-73.79226817
11371,Commercial,1381802,National Grid,40.77556737,-73.8708655
10028,Residential,238163,ConEd,40.77634498,-73.95296668
11433,Industrial,2449515,National Grid,40.69810488,-73.78757403
10014,Large residential,182728,ConEd,40.73358645,-74.0101996
10453,Residential,785354,ConEd,40.85278684,-73.91342678
10021,Commercial,3187154,ConEd,40.76920533,-73.95918394
11220,Small residential,10755271,National Grid,40.64118493,-74.01676473
11366,Residential,2205608,ConEd,40.72816441,-73.79226817
10036,Residential,1350797,ConEd,40.75934683,-73.98986055
10012,Residential,2706972,ConEd,40.72553802,-73.99789641
10472,Large residential,17374,ConEd,40.82973043,-73.87013213
11366,Commercial,1151855,ConEd,40.72816441,-73.79226817
10311,Institutional,18255,National Grid,40.607541,-74.171059
11208,Industrial,1481393,National Grid,40.67401318,-73.87206493
11211,Commercial,4822516,National Grid,40.71158977,-73.95817675
11204,Industrial,162329,National Grid,40.61905585,-73.9847986
10037,Commercial,590552,ConEd,40.81329776,-73.93728253
11439,Commercial,3739,ConEd,40.7219248,-73.79455513
10038,Large residential,217207,ConEd,40.70935929,-74.00307186
10310,Large residential,1270998,National Grid,40.632789,-74.11645861
10069,Commercial,791481,ConEd,40.778254,-73.988542
10040,Large residential,186062,ConEd,40.85809553,-73.92925549
10468,Commercial,7690,ConEd,40.869693,-73.89892699
11103,Residential,454090,ConEd,40.76286893,-73.91327186
11225,Commercial,1296975,National Grid,40.66317006,-73.95370111
11215,Industrial,1488168,National Grid,40.66555725,-73.97968154
11223,Industrial,159925,National Grid,40.59693962,-73.97331147
10025,Commercial,21864,ConEd,40.79685013,-73.96372581
11695,Small residential,6691,National Grid,40.597608,-73.820967
10460,Residential,1686599,ConEd,40.84309035,-73.87860283
11203,Large residential,5413010,National Grid,40.6497216,-73.93427609
11216,Small residential,6780596,National Grid,40.68075867,-73.94926775
11374,Industrial,3834,National Grid,40.72646492,-73.86148085
10013,Residential,4372985,ConEd,40.72124219,-74.008889
10009,Commercial,2008255,ConEd,40.72664936,-73.97911149
11379,Commercial,1248717,National Grid,40.71679767,-73.87933421
11415,Large residential,3021274,National Grid,40.70828608,-73.82855612
11414,Small residential,6266456,National Grid,40.65817023,-73.84496264
11208,Large residential,17908171,National Grid,40.67401318,-73.87206493
10002,Large residential,115301,ConEd,40.71612147,-73.98583147
10462,Large residential,8264125,ConEd,40.84225834,-73.85799663
10031,Residential,1748720,ConEd,40.82495421,-73.95012444
11414,Large residential,2790928,National Grid,40.65817023,-73.84496264
10022,Residential,122395,ConEd,40.75863022,-73.96809182
11415,Small residential,1700526,National Grid,40.70828608,-73.82855612
10304,Industrial,272952,National Grid,40.59122944,-74.111328
10022,Commercial,7987371,ConEd,40.75863022,-73.96809182
11429,Large residential,47307,National Grid,40.70991312,-73.73864032
11435,Commercial,160509,ConEd,40.70119265,-73.80979666
10462,Residential,2849924,ConEd,40.84225834,-73.85799663
10468,Residential,998166,ConEd,40.869693,-73.89892699
11354,Large residential,2040792,ConEd,40.76862022,-73.82719028
11417,Commercial,777807,National Grid,40.67636373,-73.84454276
10467,Residential,2670008,ConEd,40.87704791,-73.8715325
11432,Commercial,2979507,National Grid,40.71311535,-73.792821
11420,Institutional,2004714,National Grid,40.67334524,-73.81770717
11221,Institutional,1174968,National Grid,40.69128804,-73.92761793
10455,Commercial,1642415,ConEd,40.81353575,-73.90535525
11228,Commercial,881038,National Grid,40.61654071,-74.01327785
11102,Residential,311766,ConEd,40.77152402,-73.92643545
11433,Commercial,26725,ConEd,40.69810488,-73.78757403
11233,Industrial,88898,National Grid,40.67813044,-73.91977648
10458,Residential,1321890,ConEd,40.86260133,-73.88479002
10463,Commercial,2174885,ConEd,40.88187196,-73.91120748
11356,Commercial,2433066,ConEd,40.7849281,-73.8418107
11231,Commercial,3743947,National Grid,40.67755431,-74.0046767
11423,Commercial,71779,ConEd,40.7172223,-73.7671415
11101,Large residential,11435850,ConEd,40.74570245,-73.93866903
11412,Industrial,164379,National Grid,40.69812712,-73.7592352
11354,Residential,4101823,ConEd,40.76862022,-73.82719028
10010,Residential,1026844,ConEd,40.73914078,-73.98289846
11357,Small residential,589,National Grid,40.78628404,-73.81123206
11204,Large residential,4614998,National Grid,40.61905585,-73.9847986
10038,Residential,430776,ConEd,40.70935929,-74.00307186
10462,Commercial,2619354,ConEd,40.84225834,-73.85799663
11220,Institutional,625816,National Grid,40.64118493,-74.01676473
11232,Small residential,2619957,National Grid,40.65451162,-74.00003393
11412,Institutional,1496825,National Grid,40.69812712,-73.7592352
10468,Large residential,2590340,ConEd,40.869693,-73.89892699
11364,Small residential,1463,National Grid,40.74592468,-73.75790276
10003,Large residential,495206,ConEd,40.73194395,-73.98887215
10311,Commercial,55290,National Grid,40.607541,-74.171059
11419,Institutional,150090,National Grid,40.68871379,-73.82288833
10453,Commercial,1766420,ConEd,40.85278684,-73.91342678
10307,Industrial,1870,National Grid,40.50800453,-74.24211428
10035,Residential,1478698,ConEd,40.79381704,-73.9193175
10019,Commercial,5022063,ConEd,40.76761165,-73.9918055
11375,Commercial,2724624,National Grid,40.72070726,-73.8462843
10017,Residential,23970,ConEd,40.75245653,-73.97297648
11208,Small residential,12293703,National Grid,40.67401318,-73.87206493
11369,Small residential,5658707,National Grid,40.76341327,-73.8723789
10458,Commercial,2860723,ConEd,40.86260133,-73.88479002
11231,Large residential,8892620,National Grid,40.67755431,-74.0046767
11201,Institutional,4499131,National Grid,40.69467826,-73.98992087
10461,Commercial,313,ConEd,40.84696059,-73.84063284
11213,Small residential,5855036,National Grid,40.67122517,-73.93644337
11371,Industrial,1707,National Grid,40.77556737,-73.8708655
11429,Institutional,1416594,National Grid,40.70991312,-73.73864032
11435,Industrial,85671,National Grid,40.70119265,-73.80979666
10009,Commercial,8554651,ConEd,40.72664936,-73.97911149
10035,Commercial,6691182,ConEd,40.79381704,-73.9193175
10470,Commercial,878692,ConEd,40.90012797,-73.87122775
10454,Commercial,9709459,ConEd,40.80584693,-73.91628505
11691,Small residential,7887704,National Grid,40.60061434,-73.76256777
10040,Residential,515640,ConEd,40.85809553,-73.92925549
11218,Small residential,9322895,National Grid,40.64322701,-73.97644862
10312,Small residential,16356892,National Grid,40.54295598,-74.18037682
10468,Commercial,4380584,ConEd,40.869693,-73.89892699
10310,Commercial,1837495,National Grid,40.632789,-74.11645861
11427,Small residential,2286768,National Grid,40.72931057,-73.75067602
11418,Small residential,6229973,National Grid,40.69637041,-73.84031025
10018,Large residential,526802,ConEd,40.75684077,-73.9966915
11216,Commercial,1795793,National Grid,40.68075867,-73.94926775
11354,Commercial,7429045,ConEd,40.76862022,-73.82719028
10012,Commercial,6584,ConEd,40.72553802,-73.99789641
11429,Small residential,5893890,National Grid,40.70991312,-73.73864032
10029,Commercial,1277032,ConEd,40.79161072,-73.94403228
10456,Commercial,2957732,ConEd,40.83043668,-73.9077652
11373,Industrial,159820,National Grid,40.7387104,-73.87835116
10454,Residential,1001876,ConEd,40.80584693,-73.91628505
10462,Residential,700617,ConEd,40.84225834,-73.85799663
10039,Commercial,1277032,ConEd,40.82668193,-73.93777091
11229,Industrial,141426,National Grid,40.60123351,-73.94436854
10035,Large residential,1531490,ConEd,40.79381704,-73.9193175
10039,Commercial,7605045,ConEd,40.82668193,-73.93777091
10004,Large residential,5877,ConEd,40.68882783,-74.01911251
11368,Industrial,508926,National Grid,40.74967822,-73.85304069
11234,Industrial,657191,National Grid,40.61636867,-73.92773225
11430,Institutional,2611959,National Grid,40.64722933,-73.78637495
10018,Commercial,3808435,ConEd,40.75684077,-73.9966915
11102,Residential,1941012,ConEd,40.77152402,-73.92643545
10471,Large residential,56954,ConEd,40.90199442,-73.9036265
11362,Commercial,647115,ConEd,40.75907422,-73.73430018
11373,Small residential,10736218,National Grid,40.7387104,-73.87835116
10011,Commercial,1970,ConEd,40.74471527,-74.0046
10029,Commercial,14817079,ConEd,40.79161072,-73.94403228
11378,Small residential,7366479,National Grid,40.7214531,-73.9085435
11210,Large residential,6310191,National Grid,40.62772226,-73.94653792
11232,Large residential,2048639,National Grid,40.65451162,-74.00003393
11356,Large residential,11747,ConEd,40.7849281,-73.8418107
11217,Institutional,769153,National Grid,40.6823121,-73.97956719
11373,Large residential,9562956,National Grid,40.7387104,-73.87835116
10475,Residential,359517,ConEd,40.87414234,-73.82706857
11235,Industrial,44596,National Grid,40.57841411,-73.94026
11378,Institutional,3127131,National Grid,40.7214531,-73.9085435
11225,Industrial,567743,National Grid,40.66317006,-73.95370111
10020,Commercial,263276,ConEd,40.75949851,-73.9800744
11379,Institutional,337862,National Grid,40.71679767,-73.87933421
10305,Industrial,1040978,National Grid,40.59618469,-74.07507238
11436,Commercial,275889,National Grid,40.67571821,-73.79646501
10014,Commercial,3569148,ConEd,40.73358645,-74.0101996
10029,Residential,242271,ConEd,40.79161072,-73.94403228
10471,Commercial,1183226,ConEd,40.90199442,-73.9036265
10032,Residential,717065,ConEd,40.83693035,-73.94917852
11211,Large residential,12471511,National Grid,40.71158977,-73.95817675
10303,Industrial,27422,National Grid,40.63303231,-74.16834885
11106,Residential,350151,ConEd,40.76169979,-73.93166325
11423,Large residential,1922380,National Grid,40.7172223,-73.7671415
11234,Large residential,5240504,National Grid,40.61636867,-73.92773225
10304,Small residential,8802763,National Grid,40.59122944,-74.111328
11213,Commercial,1724052,National Grid,40.67122517,-73.93644337
11354,Small residential,2080,National Grid,40.76862022,-73.82719028
11221,Small residential,10226769,National Grid,40.69128804,-73.92761793
10024,Commercial,5356180,ConEd,40.78362557,-73.966539
11105,Residential,403403,ConEd,40.78009207,-73.9096065
11226,Large residential,19482081,National Grid,40.646505,-73.9571901
10075,Commercial,1277032,ConEd,40.77293949,-73.95609016
11368,Commercial,4130867,National Grid,40.74967822,-73.85304069
11364,Large residential,1201058,ConEd,40.74592468,-73.75790276
11367,Residential,321417,ConEd,40.73032309,-73.82610631
10004,Residential,54549,ConEd,40.68882783,-74.01911251
10036,Commercial,7837223,ConEd,40.75934683,-73.98986055
11040,Commercial,1051227,ConEd,40.74529996,-73.67963193
11224,Commercial,2484705,National Grid,40.57630466,-73.999532
11201,Large residential,18973029,National Grid,40.69467826,-73.98992087
10308,Institutional,98774,National Grid,40.5529353,-74.15130276
11362,Residential,85444,ConEd,40.75907422,-73.73430018
11434,Small residential,10076855,National Grid,40.67694526,-73.7753069
11361,Large residential,446965,ConEd,40.76418885,-73.77232553
11360,Commercial,486382,ConEd,40.78070133,-73.78226734
11214,Small residential,12807919,National Grid,40.60401181,-74.000969
11413,Large residential,112283,National Grid,40.66971118,-73.75087393
11415,Institutional,580482,National Grid,40.70828608,-73.82855612
10005,Commercial,1419854,ConEd,40.70612579,-74.00858469
10024,Large residential,215638,ConEd,40.78362557,-73.966539
11413,Small residential,10114455,National Grid,40.66971118,-73.75087393
10469,Commercial,2237093,ConEd,40.8681818,-73.84656869
11372,Small residential,3273710,National Grid,40.75163074,-73.88361255
11694,Large residential,1573127,National Grid,40.57657831,-73.850777
11361,Residential,4283479,ConEd,40.76418885,-73.77232553
10069,Commercial,2123051,ConEd,40.778254,-73.988542
10019,Large residential,1239760,ConEd,40.76761165,-73.9918055
11365,Large residential,4277,National Grid,40.73987184,-73.79462154
10475,Large residential,16694182,ConEd,40.87414234,-73.82706857
10075,Large residential,73358,ConEd,40.77293949,-73.95609016
10312,Large residential,3034,National Grid,40.54295598,-74.18037682
10309,Commercial,1195656,National Grid,40.53039312,-74.21893861
11377,Large residential,91130,ConEd,40.74519376,-73.90484714
11229,Commercial,1993920,National Grid,40.60123351,-73.94436854
11365,Commercial,963,National Grid,40.73987184,-73.79462154
11232,Industrial,13048581,National Grid,40.65451162,-74.00003393
10009,Large residential,44314,ConEd,40.72664936,-73.97911149
11241,Small residential,947,National Grid,40.693289,-73.990627
11004,Residential,1358168,ConEd,40.74323783,-73.712015
10023,Residential,3911782,ConEd,40.77453614,-73.97994336
11241,Commercial,184,National Grid,40.693289,-73.990627
11385,Institutional,1245917,National Grid,40.70122489,-73.88334858
11365,Residential,4511563,ConEd,40.73987184,-73.79462154
11212,Industrial,3623309,National Grid,40.66279717,-73.91298489
11234,Small residential,22219097,National Grid,40.61636867,-73.92773225
10452,Residential,786394,ConEd,40.83772426,-73.92333221
11105,Residential,3098073,ConEd,40.78009207,-73.9096065
11237,Small residential,3804248,National Grid,40.70409574,-73.92099423
11419,Small residential,8591091,National Grid,40.68871379,-73.82288833
10306,Large residential,1744540,National Grid,40.56602049,-74.11994567
11436,Institutional,220564,National Grid,40.67571821,-73.79646501
10025,Residential,3408769,ConEd,40.79685013,-73.96372581
11365,Commercial,5329748,ConEd,40.73987184,-73.79462154
10455,Commercial,4937392,ConEd,40.81353575,-73.90535525
11436,Small residential,4012282,National Grid,40.67571821,-73.79646501
11377,Commercial,311084,ConEd,40.74519376,-73.90484714
10473,Commercial,8638721,ConEd,40.81773147,-73.860537
10309,Institutional,579303,National Grid,40.53039312,-74.21893861
10033,Commercial,3904,ConEd,40.85621993,-73.945859
11435,Residential,427854,ConEd,40.70119265,-73.80979666
11366,Residential,154642,ConEd,40.72816441,-73.79226817
10033,Large residential,90934,ConEd,40.85621993,-73.945859
11432,Large residential,6817221,National Grid,40.71311535,-73.792821
10021,Large residential,180776,ConEd,40.76920533,-73.95918394
11418,Industrial,1146988,National Grid,40.69637041,-73.84031025
10128,Large residential,220365,ConEd,40.78177,-73.95062815
10032,Commercial,1952524,ConEd,40.83693035,-73.94917852
11374,Large residential,9176417,National Grid,40.72646492,-73.86148085
10040,Residential,445116,ConEd,40.85809553,-73.92925549
10307,Small residential,3667832,National Grid,40.50800453,-74.24211428
11210,Small residential,11755834,National Grid,40.62772226,-73.94653792
11375,Small residential,7403805,National Grid,40.72070726,-73.8462843
11001,Residential,53094,ConEd,40.72139,-73.70739693
10003,Commercial,8855716,ConEd,40.73194395,-73.98887215
11428,Commercial,19477,ConEd,40.72139696,-73.7419373
10019,Residential,124706,ConEd,40.76761165,-73.9918055
10456,Large residential,161363,ConEd,40.83043668,-73.9077652
10282,Commercial,508119,ConEd,40.71961456,-74.01464928
11223,Large residential,7349231,National Grid,40.59693962,-73.97331147
11427,Residential,77967,ConEd,40.72931057,-73.75067602
11104,Large residential,226694,ConEd,40.74489337,-73.92054135
11212,Large residential,25048890,National Grid,40.66279717,-73.91298489
10304,Institutional,606346,National Grid,40.59122944,-74.111328
10303,Institutional,163704,National Grid,40.63303231,-74.16834885
11001,Commercial,79704,ConEd,40.72139,-73.70739693
10075,Commercial,1145955,ConEd,40.77293949,-73.95609016
10455,Large residential,51911,ConEd,40.81353575,-73.90535525
11206,Industrial,593089,National Grid,40.70191202,-73.9423792
11101,Residential,1144993,ConEd,40.74570245,-73.93866903
11233,Institutional,1165816,National Grid,40.67813044,-73.91977648
11215,Institutional,675011,National Grid,40.66555725,-73.97968154
10471,Commercial,6866,ConEd,40.90199442,-73.9036265
11414,Institutional,116362,National Grid,40.65817023,-73.84496264
11236,Large residential,11489554,National Grid,40.64002149,-73.90112194
11416,Small residential,5019507,National Grid,40.6845781,-73.84960167
11377,Small residential,7978253,National Grid,40.74519376,-73.90484714
11210,Commercial,1224750,National Grid,40.62772226,-73.94653792
11229,Institutional,447194,National Grid,40.60123351,-73.94436854
11207,Large residential,18203649,National Grid,40.67080243,-73.89384115
11102,Commercial,1778170,ConEd,40.77152402,-73.92643545
11219,Institutional,1076397,National Grid,40.63277296,-73.99667681
11411,Small residential,5417452,National Grid,40.69429334,-73.73568329
10305,Commercial,1902540,National Grid,40.59618469,-74.07507238
10013,Commercial,7261765,ConEd,40.72124219,-74.008889
10309,Large residential,13184,National Grid,40.53039312,-74.21893861
11377,Large residential,9466158,National Grid,40.74519376,-73.90484714
10457,Residential,779330,ConEd,40.84579837,-73.89832419
11427,Residential,1373653,ConEd,40.72931057,-73.75067602
10005,Commercial,382037,ConEd,40.70612579,-74.00858469
11369,Industrial,8824,National Grid,40.76341327,-73.8723789
11204,Institutional,892032,National Grid,40.61905585,-73.9847986
10474,Residential,558002,ConEd,40.81088292,-73.88235636
10470,Residential,1431048,ConEd,40.90012797,-73.87122775
11421,Commercial,743600,National Grid,40.69176459,-73.85702229
10301,Industrial,42909,National Grid,40.62678551,-74.09611291
11364,Commercial,3008945,ConEd,40.74592468,-73.75790276
10011,Residential,192654,ConEd,40.74471527,-74.0046
11369,Large residential,1688743,National Grid,40.76341327,-73.8723789
10037,Large residential,4228025,ConEd,40.81329776,-73.93728253
10024,Commercial,1822842,ConEd,40.78362557,-73.966539
10005,Residential,265,ConEd,40.70612579,-74.00858469
11422,Industrial,13360,National Grid,40.66161349,-73.73605173
10468,Commercial,3511905,ConEd,40.869693,-73.89892699
11411,Institutional,316866,National Grid,40.69429334,-73.73568329
10031,Commercial,1901756,ConEd,40.82495421,-73.95012444
11238,Small residential,5094432,National Grid,40.67886241,-73.96382047
11434,Residential,1277032,ConEd,40.67694526,-73.7753069
11243,Large residential,201530,National Grid,40.68503,-73.978075
11236,Institutional,839695,National Grid,40.64002149,-73.90112194
10285,Commercial,41397,ConEd,40.711871,-74.014403
11204,Commercial,1607460,National Grid,40.61905585,-73.9847986
10302,Industrial,6464,National Grid,40.63083331,-74.1377343
10452,Large residential,93786,ConEd,40.83772426,-73.92333221
10282,Residential,33268,ConEd,40.71961456,-74.01464928
11004,Residential,132722,ConEd,40.74323783,-73.712015
10018,Commercial,2082396,ConEd,40.75684077,-73.9966915
11434,Commercial,1277032,ConEd,40.67694526,-73.7753069
10026,Residential,148829,ConEd,40.80305812,-73.95334278
10465,Commercial,3489361,ConEd,40.82762807,-73.82241314
10457,Large residential,182574,ConEd,40.84579837,-73.89832419
10303,Large residential,1519719,National Grid,40.63303231,-74.16834885
11695,Commercial,29091,National Grid,40.597608,-73.820967
11414,Industrial,4334,National Grid,40.65817023,-73.84496264
11218,Institutional,342884,National Grid,40.64322701,-73.97644862
11228,Small residential,9926950,National Grid,40.61654071,-74.01327785
10017,Commercial,3708661,ConEd,40.75245653,-73.97297648
11373,Institutional,2030783,National Grid,40.7387104,-73.87835116
11415,Commercial,462,ConEd,40.70828608,-73.82855612
10465,Residential,315919,ConEd,40.82762807,-73.82241314
10016,Residential,111236,ConEd,40.74524297,-73.97823299
10128,Commercial,2051345,ConEd,40.78177,-73.95062815
11416,Institutional,277779,National Grid,40.6845781,-73.84960167
10454,Large residential,1277032,ConEd,40.80584693,-73.91628505
10464,Commercial,312764,ConEd,40.8757091,-73.81229725
11432,Commercial,1277032,ConEd,40.71311535,-73.792821
10016,Residential,1501042,ConEd,40.74524297,-73.97823299
11362,Commercial,2594439,ConEd,40.75907422,-73.73430018
10466,Commercial,6931173,ConEd,40.89080973,-73.84600906
10309,Industrial,1230604,National Grid,40.53039312,-74.21893861
10128,Residential,2367827,ConEd,40.78177,-73.95062815
11207,Institutional,3278246,National Grid,40.67080243,-73.89384115
10460,Residential,469613,ConEd,40.84309035,-73.87860283
11233,Small residential,8291426,National Grid,40.67813044,-73.91977648
11692,Large residential,983881,National Grid,40.59313389,-73.79540208
10307,Large residential,21125,National Grid,40.50800453,-74.24211428
11106,Commercial,4841650,ConEd,40.76169979,-73.93166325
11362,Small residential,336,National Grid,40.75907422,-73.73430018
10473,Large residential,13657,ConEd,40.81773147,-73.860537
10469,Residential,7945664,ConEd,40.8681818,-73.84656869
11691,Large residential,7229588,National Grid,40.60061434,-73.76256777
11231,Industrial,352339,National Grid,40.67755431,-74.0046767
10028,Residential,1619890,ConEd,40.77634498,-73.95296668
10453,Commercial,7851638,ConEd,40.85278684,-73.91342678
11216,Large residential,6405467,National Grid,40.68075867,-73.94926775
11219,Large residential,4862069,National Grid,40.63277296,-73.99667681
10018,Commercial,1277032,ConEd,40.75684077,-73.9966915
11215,Small residential,9903140,National Grid,40.66555725,-73.97968154
10031,Residential,607749,ConEd,40.82495421,-73.95012444
10031,Large residential,1034833,ConEd,40.82495421,-73.95012444
11238,Industrial,228912,National Grid,40.67886241,-73.96382047
11377,Residential,74199,ConEd,40.74519376,-73.90484714
10024,Residential,403600,ConEd,40.78362557,-73.966539
11435,Institutional,865115,National Grid,40.70119265,-73.80979666
10029,Large residential,10842289,ConEd,40.79161072,-73.94403228
11365,Large residential,57283,ConEd,40.73987184,-73.79462154
11434,Large residential,38846378,National Grid,40.67694526,-73.7753069
11221,Large residential,8523704,National Grid,40.69128804,-73.92761793
10474,Commercial,3122702,ConEd,40.81088292,-73.88235636
